appid,original_review_cnt,original_response_cnt,undersampled_review_cnt,undersampled_response_cnt
244850,79991,674,1348,674
1180320,309,0,0,0
1423330,28,0,0,0
1623730,370,0,0,0
4700,18296,3,6,3
709470,7,0,0,0
3900,2071,0,0,0
3910,4342,0,0,0
3990,301,0,0,0
1369520,633,633,0,0
8930,120890,0,0,0
41300,1165,0,0,0
41660,11,0,0,0
41700,10125,0,0,0
41900,928,2,4,2
42850,214,1,2,1
42950,13,0,0,0
42960,10618,0,0,0
44100,77,0,0,0
45450,322,0,0,0
45760,7037,0,0,0
46270,129,0,0,0
46370,231,0,0,0
46440,186,0,0,0
47130,8,0,0,0
47410,4112,7,14,7
47700,2027,0,0,0
47780,10751,0,0,0
48150,13,0,0,0
49320,45,0,0,0
50000,199,0,0,0
50130,15577,0,0,0
50920,17,0,0,0
50970,64,0,0,0
50990,102,0,0,0
56437,6465,0,0,0
57900,6283,0,0,0
60600,34,0,0,0
61310,158,0,0,0
63200,893,0,0,0
63800,276,0,0,0
63910,466,0,0,0
65070,87,0,0,0
65200,67,0,0,0
65300,1816,0,0,0
71116,8,0,0,0
71119,5,0,0,0
71340,14365,0,0,0
72900,155,0,0,0
73020,819,0,0,0
80200,372,0,0,0
93200,835,0,0,0
98600,211,0,0,0
98800,4466,1,2,1
102200,279,0,0,0
102600,4104,0,0,0
104900,17076,1,2,1
221260,7965,0,0,0
222140,294,0,0,0
224860,511,0,0,0
224900,394,0,0,0
225420,1244,0,0,0
225600,2910,13,26,13
226740,1018,0,0,0
227000,2553,1198,2396,1198
227780,1228,1,2,1
228280,9263,81,162,81
228300,6213,0,0,0
229870,357,0,0,0
230190,4775,561,1122,561
231040,697,0,0,0
231740,1957,0,0,0
232050,1188,1,2,1
233230,1170,0,0,0
233840,1215,0,0,0
234900,1159,2,4,2
234940,890,0,0,0
235210,2299,0,0,0
235520,153,0,0,0
237550,198,0,0,0
237850,2714,19,38,19
238870,271,0,0,0
239820,23917,17,34,17
240660,62,0,0,0
241760,179,0,0,0
242880,2969,0,0,0
242920,27773,0,0,0
244030,1252,7,14,7
244590,581,0,0,0
244950,122,0,0,0
245170,16629,1,2,1
245470,5390,2,4,2
245490,1413,0,0,0
246820,18,0,0,0
247020,4325,0,0,0
247660,2685,0,0,0
248190,345,0,0,0
248450,168,3,6,3
248570,10146,3,6,3
249650,1615,0,0,0
249930,34,0,0,0
250420,2923,0,0,0
250540,51,0,0,0
250580,1100,0,0,0
251910,141,0,0,0
251950,1924,145,290,145
252170,179,0,0,0
252250,868,8,16,8
252830,234,0,0,0
253980,2039,0,0,0
254100,191,0,0,0
254200,2310,23,46,23
254880,128,0,0,0
255163,20,0,0,0
257750,1979,6,12,6
257870,65,0,0,0
258590,294,0,0,0
107600,837,0,0,0
108710,16997,0,0,0
110630,31,0,0,0
115120,840,0,0,0
115200,194,72,144,72
200150,258,0,0,0
200490,75,0,0,0
200900,5589,0,0,0
200910,1175,0,0,0
202410,110,0,0,0
202970,20167,0,0,0
204360,46168,2,4,2
204630,1497,0,0,0
204880,10473,7,14,7
205070,55,0,0,0
205550,150,0,0,0
205710,1855,0,0,0
206060,59,0,0,0
207320,1211,0,0,0
207610,31210,1,2,1
207730,188,0,0,0
207790,245,0,0,0
208400,931,0,0,0
208650,54795,0,0,0
209750,96,0,0,0
211204,3,0,0,0
211800,93,0,0,0
211900,268,0,0,0
212680,53459,0,0,0
213670,31190,3,6,3
214700,1480,0,0,0
216090,375,0,0,0
216130,119,0,0,0
216330,4,0,0,0
219740,38828,0,0,0
221100,72487,0,0,0
258760,459,0,0,0
259620,342,12,24,12
259640,139,0,0,0
259680,4240,6,12,6
259700,145,0,0,0
259810,93,0,0,0
259940,65,0,0,0
260000,67,0,0,0
260130,256,0,0,0
260160,484,3,6,3
260330,111,0,0,0
260380,26,2,4,2
260930,132,0,0,0
261640,22295,0,0,0
262150,1447,2,4,2
262280,2238,0,0,0
262830,1413,0,0,0
262850,389,1,2,1
262900,224,1,2,1
263320,377,0,0,0
263480,103,5,10,5
264320,87,0,0,0
264380,1927,0,0,0
265550,7228,0,0,0
265610,2091,4,8,4
266490,737,0,0,0
266980,15,0,0,0
267730,36,1,2,1
267960,170,0,0,0
268240,264,0,0,0
268520,36,0,0,0
269210,14245,68,136,68
269270,754,0,0,0
269330,422,0,0,0
269490,843,1,2,1
270050,467,0,0,0
270130,1295,7,14,7
270270,288,0,0,0
270510,70,0,0,0
270770,102,0,0,0
271990,44,0,0,0
273070,440,0,0,0
273750,75,0,0,0
273770,396,1,2,1
273890,24,0,0,0
274500,4493,29,58,29
275180,651,0,0,0
275390,2738,0,0,0
275490,719,0,0,0
275830,58,0,0,0
275850,8336,0,0,0
276440,34,1,2,1
277590,925,0,0,0
278570,232,0,0,0
279260,324,0,0,0
279800,546,0,0,0
279920,93,0,0,0
280160,5424,7,14,7
281350,68,0,0,0
281990,233,0,0,0
282010,395,0,0,0
282440,6963,0,0,0
283080,294,0,0,0
283330,101,0,0,0
283620,442,0,0,0
284050,569,0,0,0
284460,891,1,2,1
284710,608,0,0,0
284830,476,0,0,0
285900,176,0,0,0
286220,86,0,0,0
286360,245,9,18,9
286520,26,0,0,0
287290,329,0,0,0
287600,195,0,0,0
287720,103,0,0,0
287740,22,0,0,0
287900,0,0,0,0
287920,2093,51,102,51
288140,802,0,0,0
288390,4,0,0,0
288570,353,0,0,0
288880,229,0,0,0
288930,493,0,0,0
289090,361,0,0,0
289300,225,0,0,0
289460,105,0,0,0
289520,504,0,0,0
289620,141,0,0,0
289760,400,0,0,0
289890,205,0,0,0
290180,19,2,4,2
290340,157,1,2,1
290380,121,0,0,0
290440,32,0,0,0
290460,42,0,0,0
290650,238,0,0,0
290690,441,1,2,1
291250,136,7,14,7
291390,79,0,0,0
291430,30,0,0,0
291910,247,0,0,0
291930,97,0,0,0
292240,144,0,0,0
293340,93,1,2,1
293540,763,0,0,0
294060,87,0,0,0
294190,11,0,0,0
294390,59,0,0,0
294440,540,0,0,0
294580,43,0,0,0
294590,128,0,0,0
294750,269,0,0,0
294770,38,0,0,0
295910,65,0,0,0
296630,340,0,0,0
297020,1354,0,0,0
297110,662,0,0,0
297120,1213,0,0,0
297130,702,0,0,0
297330,120,0,0,0
297490,164,0,0,0
298850,33,0,0,0
299050,306,0,0,0
299070,167,0,0,0
299250,367,0,0,0
299460,2422,21,42,21
299840,31,0,0,0
300620,10,0,0,0
300910,22,0,0,0
300970,598,0,0,0
301420,29,0,0,0
302290,15,1,2,1
303290,457,1,2,1
303430,500,4,8,4
303870,30,0,0,0
304530,2565,0,0,0
304670,267,0,0,0
304910,148,0,0,0
305700,9,1,2,1
305980,184,0,0,0
306130,377,0,0,0
306930,50,0,0,0
307340,322,0,0,0
307350,176,0,0,0
307560,9,0,0,0
307580,1187,0,0,0
307690,371,0,0,0
307920,22,0,0,0
307940,233,0,0,0
307990,53,0,0,0
308000,166,2,4,2
308400,2,0,0,0
308440,48,0,0,0
308560,37,0,0,0
310510,1181,0,0,0
310870,79,0,0,0
311310,6825,22,44,22
311340,8997,0,0,0
311560,5759,9,18,9
311680,80,0,0,0
312200,1485,4,8,4
312220,20,4,8,4
312440,33,0,0,0
312790,164,0,0,0
312840,2344,0,0,0
312900,66,0,0,0
312920,159,0,0,0
312980,603,0,0,0
313810,160,0,0,0
313830,141,0,0,0
314010,429,0,0,0
314360,23,0,0,0
314510,92,0,0,0
314790,717,0,0,0
314830,450,0,0,0
315070,70,0,0,0
315080,38,10,20,10
315110,93,0,0,0
315340,117,0,0,0
316370,63,7,14,7
316430,1013,10,20,10
316660,62,0,0,0
316840,65,0,0,0
317080,50,1,2,1
317440,98,1,2,1
318100,651,6,12,6
318440,38,0,0,0
318480,32,0,0,0
319320,190,0,0,0
319760,196,0,0,0
319780,65,0,0,0
319870,609,0,0,0
320240,7893,20,40,20
321150,258,0,0,0
321400,1540,21,42,21
321560,121,0,0,0
321960,2346,19,38,19
324750,70,0,0,0
324810,3789,33,66,33
325260,597,2,4,2
326180,654,0,0,0
326650,35,0,0,0
327310,238,0,0,0
327450,59,0,0,0
327520,77,0,0,0
327860,1728,6,12,6
328460,65,0,0,0
328640,25,0,0,0
329130,2635,0,0,0
329980,35,0,0,0
330270,181,0,0,0
330460,363,66,132,66
330990,210,0,0,0
331160,1037,0,0,0
331340,133,0,0,0
331750,557,0,0,0
331870,3298,5,10,5
332310,8576,1,2,1
332400,100,0,0,0
332490,269,27,54,27
332570,6770,0,0,0
332950,5922,47,94,47
333210,227,0,0,0
333300,1156,5,10,5
333540,29,0,0,0
333580,12,0,0,0
333660,62,0,0,0
333730,27,0,0,0
334040,1110,0,0,0
334420,729,0,0,0
334940,2583,4,8,4
335090,32,0,0,0
335300,39888,0,0,0
335450,18,0,0,0
335900,39,8,16,8
336420,317,0,0,0
336440,93,0,0,0
337040,136,0,0,0
338060,174,0,0,0
338130,115,1,2,1
338330,37,0,0,0
338640,56,0,0,0
339250,18,0,0,0
339350,1743,0,0,0
339570,142,0,0,0
339690,19,0,0,0
340220,64,1,2,1
340450,38,2,4,2
340600,33,0,0,0
341170,122,2,4,2
341680,52,0,0,0
341760,32,0,0,0
342250,2,0,0,0
342310,794,10,20,10
342450,101,0,0,0
342490,168,1,2,1
342860,88,0,0,0
343410,7,0,0,0
343810,56,0,0,0
344130,134,1,2,1
344190,206,2,4,2
344500,156,0,0,0
345020,42,4,8,4
345260,1300,0,0,0
345280,52,0,0,0
345290,20,0,0,0
345430,311,24,48,24
345750,112,0,0,0
345820,1658,0,0,0
345860,350,7,14,7
345950,0,0,0,0
346010,22922,11,22,11
346090,44,1,2,1
346470,294,27,54,27
346550,51,1,2,1
346630,126,0,0,0
346770,56,0,0,0
346900,35980,0,0,0
346970,391,4,8,4
347590,84,0,0,0
347720,601,0,0,0
349300,79,1,2,1
349530,29,0,0,0
349690,45,0,0,0
349840,30,3,6,3
350010,339,0,0,0
350550,23,0,0,0
350780,173,0,0,0
350910,441,0,0,0
351080,72,0,0,0
351340,476,0,0,0
351420,24,0,0,0
351910,490,0,0,0
352050,13,0,0,0
352120,29,0,0,0
352720,5452,44,88,44
352900,21,0,0,0
353330,618,0,0,0
353600,15,0,0,0
353640,1610,1,2,1
354770,17,0,0,0
354970,59,0,0,0
355460,29,0,0,0
355690,18,0,0,0
355790,2462,0,0,0
356400,3009,1,2,1
356420,174,0,0,0
356580,116,0,0,0
356730,18,0,0,0
356890,145,0,0,0
357070,1262,0,0,0
357780,425,0,0,0
357830,43,0,0,0
357840,33,0,0,0
358230,40,0,0,0
358290,105,0,0,0
358760,15,0,0,0
358960,197,0,0,0
359300,7,0,0,0
359320,59716,1386,2772,1386
359400,333,1,2,1
359420,46,0,0,0
359560,139,1,2,1
359610,303,0,0,0
359670,21,0,0,0
359800,823,0,0,0
360010,79,0,0,0
360550,162,0,0,0
360970,111,0,0,0
361330,35,0,0,0
361380,116,0,0,0
361430,22,0,0,0
362860,109,10,20,10
362960,7575,0,0,0
363050,61,0,0,0
363680,3946,14,28,14
363860,335,37,74,37
363920,28,5,10,5
364060,28,0,0,0
364130,16,0,0,0
364200,53,1,2,1
364380,88,0,0,0
364500,0,0,0,0
364660,3,0,0,0
364910,77,0,0,0
365110,29,0,0,0
365320,79,0,0,0
365340,24,0,0,0
365450,10697,37,74,37
365620,40,0,0,0
366090,5468,26,52,26
366260,263,0,0,0
366280,107,0,0,0
366380,32,0,0,0
366410,14,0,0,0
366510,75,0,0,0
366570,9,0,0,0
366690,337,15,30,15
366800,143,0,0,0
367000,230,4,8,4
367570,403,0,0,0
367580,4199,0,0,0
368070,5351,1,2,1
368700,19,0,0,0
368730,1427,0,0,0
368890,67,0,0,0
369270,26,0,0,0
369550,167,0,0,0
370080,47,0,0,0
370270,38,0,0,0
370310,54,0,0,0
370750,3,0,0,0
370920,48,0,0,0
371220,78,4,8,4
371300,154,7,14,7
371360,18,0,0,0
371400,12,0,0,0
371700,2,0,0,0
371890,51,0,0,0
372570,9,0,0,0
372670,21,0,0,0
373140,26,0,0,0
373290,67,3,6,3
373650,114,0,0,0
374320,29805,0,0,0
374510,26,2,4,2
375010,100,0,0,0
375040,52,0,0,0
375170,32,0,0,0
375200,660,0,0,0
375320,107,1,2,1
375530,1440,125,250,125
375910,2731,21,42,21
376210,12218,0,0,0
376560,42,0,0,0
377140,304,0,0,0
377470,78,0,0,0
377680,1091,0,0,0
377690,191,0,0,0
378390,3,0,0,0
378610,4404,6,12,6
378750,93,0,0,0
378830,41,0,0,0
380650,3,0,0,0
380950,12,0,0,0
381170,31,0,0,0
381260,177,2,4,2
381750,196,0,0,0
382080,191,5,10,5
382380,143,0,0,0
383240,19,4,8,4
383670,29,0,0,0
383690,116,0,0,0
383840,1384,84,168,84
384120,32,0,0,0
384200,65,1,2,1
384570,311,0,0,0
384990,77,0,0,0
385030,46,3,6,3
385360,60,0,0,0
385840,23,0,0,0
385850,8,0,0,0
385900,27,0,0,0
386180,19283,535,1070,535
386510,76,0,0,0
387010,134,2,4,2
387930,179,0,0,0
388210,2344,0,0,0
388490,211,0,0,0
388660,34,1,2,1
388720,25,0,0,0
389190,63,1,2,1
390870,73,0,0,0
391220,3069,0,0,0
391910,11,0,0,0
392030,43,0,0,0
392260,182,0,0,0
392930,27,0,0,0
393540,4,0,0,0
393930,139,0,0,0
394290,64,0,0,0
394550,74,0,0,0
394700,117,0,0,0
394720,20,0,0,0
395270,325,3,6,3
395930,39,0,0,0
396090,206,0,0,0
396320,41,2,4,2
396640,326,1,2,1
396800,193,0,0,0
396860,166,1,2,1
396930,16,0,0,0
397100,525,0,0,0
397440,44,0,0,0
397660,11,0,0,0
397740,3643,0,0,0
397760,57,0,0,0
397800,11,0,0,0
398100,465,3,6,3
398110,18,0,0,0
398150,31,0,0,0
398900,1,0,0,0
398920,27,0,0,0
399140,51,1,2,1
399820,754,17,34,17
399900,22,0,0,0
400370,170,0,0,0
400470,82,1,2,1
400630,1022,7,14,7
400880,26,0,0,0
400910,229,0,0,0
401330,32,0,0,0
401820,104,0,0,0
402150,41,0,0,0
402390,122,0,0,0
402620,679,0,0,0
402750,206,0,0,0
403090,23,0,0,0
403100,20,0,0,0
403120,1621,0,0,0
403190,5612,403,806,403
403230,9,0,0,0
403460,22,0,0,0
404040,382,0,0,0
404050,111,1,2,1
404640,94,5,10,5
404750,11,0,0,0
405070,5,0,0,0
405240,20,0,0,0
405640,2742,0,0,0
406290,1510,1,2,1
406870,368,0,0,0
407300,139,0,0,0
407380,37,0,0,0
407710,55,0,0,0
408250,211,0,0,0
408440,57,0,0,0
408760,116,0,0,0
409170,38,0,0,0
409420,15,0,0,0
409600,150,0,0,0
409630,22,2,4,2
409890,300,0,0,0
410130,27,0,0,0
410430,167,0,0,0
411630,13,0,0,0
411740,30,0,0,0
412050,298,0,0,0
412620,123,0,0,0
412790,158,0,0,0
413760,21,1,2,1
414530,2261,50,100,50
415180,83,0,0,0
415480,465,0,0,0
415670,100,0,0,0
415830,123,0,0,0
416000,230,14,28,14
416110,85,0,0,0
416200,24,0,0,0
416220,10,0,0,0
416340,17,0,0,0
416640,110,0,0,0
416720,17,0,0,0
417130,0,0,0,0
417900,21,0,0,0
418040,317,0,0,0
418160,35,0,0,0
418190,435,0,0,0
418340,6890,0,0,0
418360,64,0,0,0
418910,142,0,0,0
419020,20,0,0,0
419480,2158,103,206,103
419700,27,0,0,0
420110,2300,0,0,0
420210,94,0,0,0
420920,29,0,0,0
421710,16,0,0,0
421810,239,3,6,3
423490,267,1,2,1
423550,101,0,0,0
423710,142,0,0,0
423760,50,0,0,0
423870,34,0,0,0
423910,12,0,0,0
424320,28,0,0,0
426630,388,0,0,0
427760,524,1,2,1
428220,111,0,0,0
428240,2,0,0,0
428260,40,0,0,0
428410,8,0,0,0
428660,3510,43,86,43
428980,16,0,0,0
429050,194,0,0,0
429120,22,0,0,0
429270,6,0,0,0
429480,4,0,0,0
429680,739,0,0,0
429790,6251,1722,3444,1722
430290,31,0,0,0
431280,61,2,4,2
431680,27,0,0,0
431740,16,0,0,0
431940,483,12,24,12
432350,2606,15,30,15
432470,94,0,0,0
432480,10,0,0,0
432620,13,0,0,0
432950,54,2,4,2
433120,9,0,0,0
433170,721,10,20,10
433190,89,63,52,26
433280,467,0,0,0
433660,13,0,0,0
433750,103,1,2,1
434240,20,0,0,0
434260,1791,0,0,0
434280,0,0,0,0
434290,118,7,14,7
434600,9,0,0,0
434610,107,0,0,0
434870,6,0,0,0
434920,32,0,0,0
435030,1404,1,2,1
435800,58,0,0,0
436230,287,106,212,106
436260,16,2,4,2
436320,1140,50,100,50
436520,909,0,0,0
436860,32,0,0,0
437020,54,0,0,0
437060,28,0,0,0
437720,112,0,0,0
438100,2931,0,0,0
438270,1521,0,0,0
438560,75,0,0,0
438720,39,0,0,0
439880,24,0,0,0
440450,34,7,14,7
440660,25,1,2,1
440690,22,0,0,0
440750,14,0,0,0
440770,7,0,0,0
441350,127,0,0,0
441680,50,0,0,0
442070,204,0,0,0
442710,326,0,0,0
443260,52,2,4,2
443420,142,0,0,0
443460,40,0,0,0
444640,0,0,0,0
444800,227,0,0,0
445550,9,0,0,0
445750,89,0,0,0
445800,128,1,2,1
446450,21,0,0,0
446600,96,2,4,2
446760,26,0,0,0
446910,76,0,0,0
447010,19,0,0,0
447040,178,0,0,0
447190,143,0,0,0
447210,60,0,0,0
448290,353,1,2,1
448520,22,0,0,0
448570,85,4,8,4
448710,22,0,0,0
448730,13,0,0,0
448850,1609,3,6,3
448930,69,0,0,0
448990,2,0,0,0
449120,12,0,0,0
449450,23,0,0,0
449700,9,0,0,0
449770,4,0,0,0
451200,14,0,0,0
451360,9,0,0,0
451640,56,0,0,0
452320,27,9,18,9
452450,59,0,0,0
452920,27,0,0,0
453310,204,0,0,0
453320,5,0,0,0
453690,363,6,12,6
453720,240,0,0,0
453730,22,0,0,0
453810,23,1,2,1
453860,0,0,0,0
453910,69,0,0,0
454410,181,0,0,0
454830,10,0,0,0
455300,197,67,134,67
455640,13,0,0,0
456180,108,3,6,3
456390,23,0,0,0
456660,38,0,0,0
456740,14,0,0,0
456750,0,0,0,0
456780,0,0,0,0
457320,394,0,0,0
457380,67,0,0,0
457810,15,0,0,0
457980,21,0,0,0
458230,3,0,0,0
458630,108,1,2,1
459310,102,0,0,0
459410,6,0,0,0
459730,2,0,0,0
460120,1750,0,0,0
460580,15,0,0,0
461380,32,0,0,0
461520,73,0,0,0
461600,3,0,0,0
461620,578,32,64,32
461750,87,1,2,1
461760,20,0,0,0
461780,113,0,0,0
462110,67,0,0,0
462630,8,0,0,0
462830,45,0,0,0
462910,61,0,0,0
463160,118,2,4,2
463350,329,0,0,0
463510,15,7,14,7
463530,70,0,0,0
463710,60,0,0,0
464040,9,0,0,0
464110,12,0,0,0
464360,960,21,42,21
464780,588,0,0,0
465180,27,0,0,0
465990,11,0,0,0
466170,1310,24,48,24
466520,35,0,0,0
466560,243,0,0,0
466660,568,7,14,7
466810,29,0,0,0
467270,51,2,4,2
467350,5,0,0,0
467680,130,0,0,0
467760,163,0,0,0
467790,5,0,0,0
468100,67,0,0,0
468150,8,0,0,0
468570,74,0,0,0
469610,149,0,0,0
469710,34,0,0,0
470220,532,4,8,4
470270,153,0,0,0
470310,736,736,0,0
470440,45,0,0,0
470450,36,0,0,0
470490,16,1,2,1
470580,39,0,0,0
470590,43,0,0,0
471220,4,0,0,0
471720,21,0,0,0
471920,102,0,0,0
473480,11,0,0,0
473840,21,0,0,0
473930,1,0,0,0
473970,104,7,14,7
474030,77,1,2,1
474210,736,2,4,2
474980,141,1,2,1
475960,61,1,2,1
476000,8,0,0,0
477180,16,0,0,0
478020,5,0,0,0
479040,24,0,0,0
479180,5,0,0,0
479310,35,1,2,1
480900,34,0,0,0
481190,277,0,0,0
485130,2,0,0,0
485290,20,0,0,0
485490,108,0,0,0
486020,33,2,4,2
486470,22,0,0,0
486850,24,0,0,0
486860,181,0,0,0
486890,3,0,0,0
487160,53,0,0,0
487370,203,0,0,0
488020,5,0,0,0
488150,29,0,0,0
488550,643,29,58,29
488920,294,2,4,2
488960,61,4,8,4
489070,39,0,0,0
489080,3,0,0,0
489100,9,0,0,0
489140,0,0,0,0
489370,154,0,0,0
489600,450,8,16,8
489630,244,0,0,0
489760,34,0,0,0
490280,697,47,94,47
490880,32,0,0,0
490930,257,16,32,16
491100,11,0,0,0
491260,0,0,0,0
491280,286,1,2,1
491660,20,0,0,0
492200,6,0,0,0
493200,1901,2,4,2
493410,21,0,0,0
493670,4,0,0,0
493720,420,1,2,1
494000,7,0,0,0
494020,3,0,0,0
494090,30,0,0,0
494850,3,0,0,0
495760,15,0,0,0
496030,17,0,0,0
496080,5,0,0,0
496400,47,0,0,0
496530,29,0,0,0
496610,5,0,0,0
496690,53,0,0,0
496810,642,0,0,0
497360,79,0,0,0
497880,12,0,0,0
498360,3,0,0,0
498510,44,0,0,0
499440,1484,0,0,0
500170,34,0,0,0
500710,451,19,38,19
500980,13,0,0,0
501420,2,0,0,0
501440,9,0,0,0
501450,6,0,0,0
501590,242,0,0,0
501940,26,0,0,0
502130,117,0,0,0
502140,96,2,4,2
502280,1865,0,0,0
502550,529,0,0,0
502650,24,0,0,0
503770,423,66,132,66
503950,37,5,10,5
504110,32,0,0,0
504370,356,0,0,0
504380,22,0,0,0
504460,51,0,0,0
505090,51,0,0,0
505640,488,6,12,6
506550,23,1,2,1
507340,6,0,0,0
507380,63,0,0,0
508180,109,0,0,0
508250,4,0,0,0
508540,20,1,2,1
508650,7,1,2,1
508910,25,0,0,0
508930,10,0,0,0
509580,960,5,10,5
509930,21,0,0,0
509980,77,0,0,0
510040,27,0,0,0
510500,677,6,12,6
510660,402,0,0,0
510750,58,0,0,0
511010,10,1,2,1
511110,0,0,0,0
511460,12,0,0,0
511560,15,0,0,0
511570,46,0,0,0
511830,11,0,0,0
512070,8,0,0,0
512150,33,0,0,0
512170,2,0,0,0
512300,441,2,4,2
512370,5,0,0,0
512410,30,0,0,0
512740,38,0,0,0
512890,264,0,0,0
512900,388,0,0,0
513050,14,0,0,0
513160,0,0,0,0
513250,31,0,0,0
513260,1,0,0,0
513450,607,0,0,0
513620,83,0,0,0
513710,1983,549,1098,549
513960,5,0,0,0
513990,40,0,0,0
514180,44,0,0,0
514310,465,0,0,0
514400,17,0,0,0
514460,54,0,0,0
514760,6,0,0,0
514810,20,0,0,0
514890,53,0,0,0
515230,22,0,0,0
515700,14,0,0,0
515890,5,0,0,0
516010,3,0,0,0
516030,17,3,6,3
516480,379,3,6,3
516510,488,14,28,14
516550,12,0,0,0
516600,33,0,0,0
516610,6,0,0,0
517240,7,0,0,0
517460,29,3,6,3
517780,222,11,22,11
518000,6,0,0,0
519170,24,0,0,0
519860,699,0,0,0
519990,7,0,0,0
520470,33,0,0,0
520510,7,0,0,0
521250,0,0,0,0
521560,47,3,6,3
521650,2,0,0,0
522040,412,0,0,0
522230,224,0,0,0
522240,231,4,8,4
522300,18,0,0,0
522940,408,0,0,0
523000,462,0,0,0
523740,96,10,20,10
523860,0,0,0,0
523970,10,0,0,0
524640,218,3,6,3
525150,27,0,0,0
525380,149,1,2,1
525690,69,0,0,0
525740,26,0,0,0
526730,29,0,0,0
527260,10,1,2,1
527800,22,0,0,0
527880,6,0,0,0
527960,7,0,0,0
527990,134,0,0,0
528190,4,0,0,0
528430,41,0,0,0
528730,178,1,2,1
529020,49,4,8,4
529070,0,0,0,0
529280,12,0,0,0
529660,805,1,2,1
529780,902,1,2,1
530080,5,0,0,0
530120,376,1,2,1
530340,0,0,0,0
530500,2,0,0,0
530620,1409,0,0,0
530630,922,10,20,10
530920,171,1,2,1
530960,100,26,52,26
531070,10,0,0,0
531510,1326,1,2,1
532080,2,0,0,0
532790,0,0,0,0
533470,1,0,0,0
533700,0,0,0,0
533890,9,0,0,0
533920,3,0,0,0
534200,18,0,0,0
534920,15,0,0,0
535240,3,0,0,0
535350,7,3,6,3
535530,4,0,0,0
535650,19,0,0,0
535910,28,0,0,0
535980,44,0,0,0
536460,0,0,0,0
536490,21,0,0,0
536560,147,0,0,0
536630,18,0,0,0
536640,45,3,6,3
536770,48,0,0,0
538110,20,0,0,0
538560,12,0,0,0
538990,59,0,0,0
539450,83,0,0,0
540650,9,0,0,0
541350,39,0,0,0
542410,15,0,0,0
542690,31,0,0,0
542790,6,0,0,0
542880,25,0,0,0
543010,218,0,0,0
543240,145,1,2,1
543290,8,0,0,0
544180,124,0,0,0
544650,29,0,0,0
544750,7439,0,0,0
544870,27,0,0,0
545640,12,0,0,0
546050,2494,0,0,0
546070,61,1,2,1
546200,48,0,0,0
546340,45,0,0,0
546430,1291,25,50,25
547200,8,0,0,0
547880,11,0,0,0
547920,2,0,0,0
547990,13,0,0,0
548130,21,0,0,0
548290,128,0,0,0
548320,15,0,0,0
548710,12,0,0,0
549170,81,0,0,0
549700,25,1,2,1
549770,55,0,0,0
550170,21,9,18,9
550320,2594,2,4,2
550560,5,0,0,0
551110,52,0,0,0
551450,295,5,10,5
551930,49,0,0,0
552380,8,0,0,0
552440,588,1,2,1
552480,1,0,0,0
552580,28,0,0,0
553050,16,0,0,0
553410,8,0,0,0
553450,36,0,0,0
553680,1,1,0,0
553800,30,0,0,0
554560,5,0,0,0
554600,378,0,0,0
555580,34,0,0,0
555720,23,1,2,1
555820,11,0,0,0
555920,40,0,0,0
556160,70,0,0,0
556250,16,0,0,0
556870,141,0,0,0
556960,27,0,0,0
557040,112,0,0,0
557570,23,0,0,0
557720,6,0,0,0
557760,3,0,0,0
557790,3,0,0,0
557810,332,0,0,0
558720,3,0,0,0
559010,321,0,0,0
559170,6,0,0,0
559300,2,0,0,0
559310,131,6,12,6
559450,7,0,0,0
560370,207,0,0,0
560430,515,0,0,0
560570,8,0,0,0
560660,0,0,0,0
560720,118,0,0,0
560730,80,0,0,0
560820,53,0,0,0
560930,3,0,0,0
561450,12,0,0,0
562330,34,0,0,0
562340,52,5,10,5
562430,83,0,0,0
562480,32,0,0,0
563120,76,0,0,0
563130,24,0,0,0
563360,146,8,16,8
563370,4,0,0,0
563430,116,0,0,0
563560,156,1,2,1
563610,3,0,0,0
564920,3,0,0,0
565760,0,0,0,0
566050,533,0,0,0
566270,19,1,2,1
566430,16,1,2,1
566690,8,0,0,0
566900,18,0,0,0
567030,333,0,0,0
567320,67,1,2,1
567640,231,0,0,0
567660,19,0,0,0
568310,8,0,0,0
568570,1508,2,4,2
568800,3,0,0,0
568920,25,0,0,0
569570,34,5,10,5
569610,151,0,0,0
570060,3,0,0,0
570110,13,0,0,0
570490,155,0,0,0
570890,28,0,0,0
571050,10,1,2,1
571180,2,0,0,0
571310,3292,0,0,0
571340,41,2,4,2
571630,36,5,10,5
572040,15,0,0,0
572240,12,0,0,0
572510,7,0,0,0
572630,17,0,0,0
572710,87,0,0,0
572730,124,0,0,0
572740,136,0,0,0
572980,5,0,0,0
573260,11,0,0,0
573490,298,36,72,36
573780,68,0,0,0
574150,6,0,0,0
574440,48,0,0,0
575680,51,0,0,0
575710,7,0,0,0
576310,151,0,0,0
576660,13,0,0,0
576800,10,2,4,2
576840,71,1,2,1
577710,30,5,10,5
577780,5,1,2,1
578420,32,0,0,0
578430,68,0,0,0
578800,12,0,0,0
578930,163,4,8,4
578990,16,0,0,0
579120,71,0,0,0
579560,0,0,0,0
580820,35,0,0,0
580880,7,0,0,0
580900,0,0,0,0
580950,9,0,0,0
581120,447,7,14,7
581310,30,7,14,7
581460,11,0,0,0
581740,7,1,2,1
581820,43,0,0,0
581840,17,0,0,0
583090,107,1,2,1
583570,2,0,0,0
584040,1,0,0,0
584850,28,0,0,0
584880,46,0,0,0
585270,12,0,0,0
585900,821,0,0,0
585920,10,0,0,0
585950,109,0,0,0
586020,33,1,2,1
586430,12,0,0,0
586680,18,0,0,0
586980,570,0,0,0
587070,12,0,0,0
587100,391,0,0,0
587420,210,0,0,0
587450,1233,0,0,0
587730,8,0,0,0
588140,1,0,0,0
588880,8,0,0,0
589240,10,0,0,0
589480,45,0,0,0
589640,48,0,0,0
589780,3092,0,0,0
590270,4,0,0,0
590280,161,0,0,0
590720,131,0,0,0
590840,17,0,0,0
591020,0,0,0,0
591130,5,0,0,0
591380,339,0,0,0
591750,52,0,0,0
591960,2070,13,26,13
592020,21,2,4,2
592320,23,1,2,1
592330,17,0,0,0
592340,55,2,4,2
592410,27,0,0,0
592640,0,0,0,0
593150,723,2,4,2
593490,126,7,14,7
594030,6,0,0,0
594350,136,1,2,1
594370,98,0,0,0
595500,1027,4,8,4
595630,2,0,0,0
595640,18,0,0,0
595780,17,0,0,0
596640,26,2,4,2
596710,35,0,0,0
596990,5,0,0,0
597170,4381,37,74,37
597210,51,0,0,0
597760,2338,21,42,21
598060,1580,0,0,0
598170,28,1,2,1
598500,13,0,0,0
598620,6,0,0,0
598940,58,0,0,0
598960,999,12,24,12
598990,44,0,0,0
599590,80,4,8,4
600120,272,12,24,12
600180,0,0,0,0
600510,13,1,2,1
600640,5,0,0,0
601430,3559,0,0,0
601510,1709,0,0,0
601540,347,0,0,0
601920,11,0,0,0
602510,57,0,0,0
602520,2467,0,0,0
602600,0,0,0,0
602790,16,0,0,0
602880,12,0,0,0
602900,0,0,0,0
603130,59,0,0,0
603190,85,0,0,0
603460,60,0,0,0
603680,0,0,0,0
603970,1,0,0,0
604010,58,0,0,0
604640,3,0,0,0
605040,3,0,0,0
605100,34,0,0,0
605920,53,1,2,1
606230,1313,7,14,7
606280,5484,0,0,0
606350,0,0,0,0
606370,106,0,0,0
606710,425,12,24,12
607040,28,0,0,0
607680,7,0,0,0
607760,12,0,0,0
607780,8,0,0,0
608110,210,3,6,3
608580,18,6,12,6
608800,933,20,40,20
609100,16,2,4,2
610120,47,0,0,0
610260,5,0,0,0
610350,26,0,0,0
610620,17,0,0,0
611050,7,0,0,0
611720,37,0,0,0
611810,7,1,2,1
612060,5,0,0,0
612220,5,0,0,0
612470,869,1,2,1
612510,9,0,0,0
612660,0,0,0,0
612790,43,0,0,0
613020,10,0,0,0
615530,350,0,0,0
615690,13,0,0,0
616030,3,0,0,0
616610,55,0,0,0
616640,21,0,0,0
616860,2,0,0,0
617450,34,3,6,3
617590,47,22,44,22
617600,5,0,0,0
617640,99,5,10,5
618490,20,0,0,0
618500,18,0,0,0
618560,0,0,0,0
619220,15,0,0,0
619490,79,0,0,0
620660,6,0,0,0
620890,26,0,0,0
621930,269,2,4,2
622550,5,0,0,0
622620,15,0,0,0
623070,37,1,2,1
623370,3,0,0,0
624080,20,0,0,0
624890,103,0,0,0
625690,3,0,0,0
626460,0,0,0,0
626510,144,0,0,0
628030,13,0,0,0
628110,4,0,0,0
628130,4,0,0,0
628320,50,5,10,5
628550,53,0,0,0
628940,1,0,0,0
629080,6,0,0,0
629400,9,0,0,0
629420,25,0,0,0
723810,15,1,2,1
724250,105,0,0,0
724450,5,0,0,0
725100,169,23,46,23
725780,128,33,66,33
725920,7,0,0,0
726030,4,0,0,0
726770,0,0,0,0
727010,1,0,0,0
727140,4,0,0,0
727420,16,0,0,0
727480,17,0,0,0
728720,1,0,0,0
728730,638,0,0,0
728830,10,0,0,0
729050,3,0,0,0
729290,0,0,0,0
729310,11,0,0,0
729650,0,0,0,0
729660,574,0,0,0
729680,0,0,0,0
730180,9,0,0,0
730310,1614,0,0,0
730670,3,0,0,0
730840,193,0,0,0
731180,81,0,0,0
732030,12,1,2,1
732440,0,0,0,0
732480,6,0,0,0
732670,16,0,0,0
732770,28,0,0,0
732980,1,0,0,0
733030,8,1,2,1
733210,590,2,4,2
629820,6629,0,0,0
613270,123,0,0,0
614250,24,0,0,0
614560,12,0,0,0
614830,31,3,6,3
614900,31,0,0,0
615070,2,0,0,0
615090,74,2,4,2
630550,138,28,56,28
630790,1,0,0,0
630870,39,0,0,0
631950,0,0,0,0
633940,10,0,0,0
634410,228,1,2,1
635200,694,64,128,64
635430,9,0,0,0
636100,645,7,14,7
637060,110,0,0,0
637870,3,0,0,0
638650,764,0,0,0
638900,4,0,0,0
639280,8,0,0,0
639460,65,3,6,3
639490,757,0,0,0
639790,4632,0,0,0
639840,16,0,0,0
640690,14,2,4,2
640970,57,5,10,5
641780,1967,214,428,214
641870,4,0,0,0
641910,34,8,16,8
641940,0,0,0,0
642070,18,0,0,0
642090,849,5,10,5
642520,33,0,0,0
642570,1,0,0,0
642580,90,0,0,0
642710,0,0,0,0
643700,69,0,0,0
644010,28,0,0,0
644110,17,1,2,1
644370,35,0,0,0
644390,1248,0,0,0
644530,7,0,0,0
644550,9,0,0,0
645150,5,1,2,1
645320,119,0,0,0
645790,852,14,28,14
645860,8,0,0,0
646280,21,0,0,0
646300,5,0,0,0
646310,33,0,0,0
646470,72,0,0,0
646830,4,0,0,0
646910,21578,733,1466,733
647740,297,6,12,6
647830,3087,0,0,0
647840,11,0,0,0
648410,1712,83,166,83
648550,8,0,0,0
648600,28,0,0,0
649190,223,7,14,7
649580,55,0,0,0
649630,7,0,0,0
649880,39,1,2,1
650740,17,0,0,0
651010,5,0,0,0
651080,5,0,0,0
651470,136,0,0,0
651490,170,0,0,0
651520,9,0,0,0
652070,1,0,0,0
652130,6,0,0,0
652200,3,0,0,0
652830,10,0,0,0
653550,0,0,0,0
653870,4,2,4,2
653940,104,0,0,0
654020,14,1,2,1
654660,15,0,0,0
654710,18,1,2,1
654770,20,0,0,0
654890,1724,4,8,4
654980,18,1,2,1
655170,29,0,0,0
655430,8,0,0,0
655610,15,0,0,0
655640,1,0,0,0
655730,354,1,2,1
655740,98,3,6,3
656360,6,0,0,0
656530,104,0,0,0
656540,0,0,0,0
656900,43,0,0,0
656910,3,0,0,0
657070,29,0,0,0
657200,12513,0,0,0
657290,53,0,0,0
657690,408,16,32,16
658060,28,0,0,0
658120,16,1,2,1
658160,195,2,4,2
658450,5,1,2,1
658510,39,0,0,0
658570,543,0,0,0
658700,364,0,0,0
658890,366,0,0,0
659140,0,0,0,0
659480,162,0,0,0
659920,51,4,8,4
659950,12,0,0,0
660180,39,3,6,3
660270,6,0,0,0
660320,29,0,0,0
660820,1,0,0,0
660890,0,0,0,0
660900,3,0,0,0
661070,2,0,0,0
661130,1976,71,142,71
661490,23,1,2,1
661940,284,0,0,0
662610,4,0,0,0
662830,80,0,0,0
662940,1,0,0,0
662950,12,0,0,0
663130,43,0,0,0
663200,47,0,0,0
663210,70,0,0,0
663530,3,2,2,1
664090,183,0,0,0
664120,10,0,0,0
664640,0,0,0,0
665670,5,0,0,0
665730,9,0,0,0
666040,8,2,4,2
666170,0,0,0,0
666790,1,0,0,0
666800,25,0,0,0
666810,6,0,0,0
666940,51,18,36,18
667160,12,0,0,0
667360,19,1,2,1
667450,1,0,0,0
667530,7688,66,132,66
667970,13423,7,14,7
668550,377,3,6,3
668590,238,2,4,2
668900,0,0,0,0
669360,3,0,0,0
669520,5,0,0,0
669990,1,1,0,0
670210,2,0,0,0
670410,10,0,0,0
670610,34,0,0,0
670630,11,1,2,1
670780,5,1,2,1
671170,82,2,4,2
671180,4,0,0,0
671200,2,0,0,0
671470,3,1,2,1
671650,41,0,0,0
671670,11,0,0,0
671690,72,0,0,0
672140,10,2,4,2
672160,31,0,0,0
672440,0,0,0,0
672570,2,0,0,0
672640,486,27,54,27
672680,1838,1,2,1
672730,200,0,0,0
673300,78,0,0,0
673360,1,0,0,0
673480,8,0,0,0
673720,4,0,0,0
673980,35,0,0,0
674390,3,0,0,0
674480,7,1,2,1
674940,62658,5,10,5
675110,7,0,0,0
675170,195,169,52,26
675370,1,0,0,0
675890,25,0,0,0
676170,2,0,0,0
676240,40,7,14,7
676460,5,0,0,0
676540,0,0,0,0
676700,28,1,2,1
676880,2,0,0,0
677300,34,0,0,0
677720,36,0,0,0
677790,17,1,2,1
677870,6,0,0,0
678060,27,0,0,0
678090,22,0,0,0
678170,0,0,0,0
678240,9,0,0,0
678500,0,0,0,0
678760,29,1,2,1
679120,46,1,2,1
679430,20,0,0,0
680030,46,5,10,5
680170,15,4,8,4
680240,1,0,0,0
680330,33,1,2,1
680380,402,0,0,0
680930,17,1,2,1
681000,13,2,4,2
681060,50,0,0,0
681090,3,0,0,0
681350,2,1,2,1
681500,76,0,0,0
681670,0,0,0,0
681760,2,0,0,0
681780,25,0,0,0
681830,5,0,0,0
681990,15,1,2,1
682020,11,0,0,0
682360,4,0,0,0
682370,4,0,0,0
682530,466,21,42,21
682630,15,0,0,0
683240,4,0,0,0
683760,18,0,0,0
683970,26,0,0,0
684130,13,1,2,1
684200,946,35,70,35
684570,4,0,0,0
684930,7,2,4,2
685420,74,5,10,5
685870,0,0,0,0
686100,2,0,0,0
686170,0,0,0,0
687480,46,0,0,0
687610,6,0,0,0
687730,5,0,0,0
688130,4101,11,22,11
688420,4780,0,0,0
688540,0,0,0,0
688940,6,0,0,0
689040,15,0,0,0
689050,4,1,2,1
689380,0,0,0,0
689660,4,0,0,0
689710,27,0,0,0
690100,0,0,0,0
690120,78,2,4,2
690620,90,0,0,0
690740,60,0,0,0
690830,6979,314,628,314
690950,4,1,2,1
691080,65,0,0,0
691250,23,0,0,0
691790,116,1,2,1
692130,23,0,0,0
692190,8,0,0,0
692200,75,0,0,0
692270,71,0,0,0
692680,6,0,0,0
692930,76,0,0,0
692950,8,0,0,0
693090,7,1,2,1
693650,6,0,0,0
693800,64,0,0,0
694400,3,0,0,0
694440,12,0,0,0
694470,5,0,0,0
695630,37,0,0,0
695920,638,3,6,3
696150,46,3,6,3
696220,899,5,10,5
696810,12,1,2,1
696940,59,0,0,0
697000,2,0,0,0
697370,23,3,6,3
697670,10,0,0,0
697710,12,0,0,0
697730,2,0,0,0
698080,4,0,0,0
698700,354,0,0,0
699010,9,0,0,0
699040,16,1,2,1
699470,1,0,0,0
700460,5,0,0,0
700620,35,0,0,0
700910,2,0,0,0
701010,6,0,0,0
701610,17,4,8,4
701940,5,0,0,0
702050,1315,0,0,0
702210,24,0,0,0
702430,26,0,0,0
702700,234,0,0,0
702820,2,0,0,0
703490,12,1,2,1
703920,44,0,0,0
704040,360,7,14,7
704520,0,0,0,0
704680,38,0,0,0
704690,43,0,0,0
704840,120,5,10,5
704990,3,1,2,1
705090,35,0,0,0
705230,4,0,0,0
705240,25,0,0,0
705860,16,0,0,0
706240,10,0,0,0
706310,2,0,0,0
706570,5,0,0,0
706880,22,0,0,0
706920,2,0,0,0
706950,6,0,0,0
707040,2,2,0,0
707060,29,0,0,0
707920,10,0,0,0
708310,11,2,4,2
708590,1,0,0,0
708850,29,0,0,0
708930,16,2,4,2
709390,0,0,0,0
709520,1,0,0,0
709700,33,0,0,0
710630,6,0,0,0
710670,1,0,0,0
711000,1,1,0,0
711140,2,0,0,0
711320,29,0,0,0
711430,46,0,0,0
711710,0,0,0,0
711970,0,0,0,0
712240,20,0,0,0
712530,40,6,12,6
712610,3,0,0,0
712650,21,3,6,3
713030,35,2,4,2
713070,4,0,0,0
713360,0,0,0,0
713830,0,0,0,0
714240,58,0,0,0
714360,23,1,2,1
714370,433,0,0,0
714570,6,0,0,0
714730,19,3,6,3
714820,22,0,0,0
714910,1,0,0,0
715280,11,0,0,0
715320,1,0,0,0
715460,22,0,0,0
715520,35,0,0,0
715560,3338,0,0,0
715840,64,0,0,0
716380,94,2,4,2
716680,83,4,8,4
716780,0,0,0,0
717840,4,0,0,0
718080,14,0,0,0
718370,116,0,0,0
718410,6,0,0,0
718840,0,0,0,0
718920,8,0,0,0
718960,5,1,2,1
718970,7,0,0,0
719240,1,0,0,0
719250,15,4,8,4
719290,14,0,0,0
719300,8,0,0,0
719410,14,0,0,0
720480,12,0,0,0
720730,17,0,0,0
721180,0,0,0,0
721300,3,0,0,0
721400,5,0,0,0
721480,6,0,0,0
722560,617,0,0,0
722670,25,1,2,1
722990,18,0,0,0
723070,13,5,10,5
733300,254,4,8,4
733750,1,0,0,0
733770,21,0,0,0
733840,10,0,0,0
734450,9,0,0,0
735600,51,0,0,0
736190,1501,9,18,9
736390,10,0,0,0
736910,0,0,0,0
737490,17,10,14,7
737510,16,0,0,0
737880,27,1,2,1
738520,5334,197,394,197
738530,1029,0,0,0
738560,18,0,0,0
738590,8,0,0,0
738610,129,6,12,6
739270,3,0,0,0
739890,3,0,0,0
740060,3,0,0,0
740450,1,0,0,0
741140,317,1,2,1
741260,25,2,4,2
742380,12,0,0,0
742700,126,1,2,1
743070,3,0,0,0
743240,0,0,0,0
744070,1,0,0,0
744260,31,2,4,2
744700,0,0,0,0
744750,28,1,2,1
744940,21,0,0,0
744980,68,9,18,9
745030,23,0,0,0
745090,28,3,6,3
745360,0,0,0,0
745430,13,0,0,0
745500,28,0,0,0
745730,32,2,4,2
745830,27,0,0,0
745960,306,0,0,0
746040,54,6,12,6
746430,11,0,0,0
746540,19,0,0,0
746590,0,0,0,0
746760,17,1,2,1
746840,98,0,0,0
746850,7130,41,82,41
746930,1053,3,6,3
747120,2,0,0,0
747160,14,0,0,0
747210,19,0,0,0
747620,52,0,0,0
747770,21,0,0,0
747990,13,0,0,0
748360,979,0,0,0
748670,4,0,0,0
748820,3,1,2,1
748890,121,0,0,0
749160,0,0,0,0
749180,22,0,0,0
749200,0,0,0,0
749520,11,0,0,0
749670,25,0,0,0
749720,0,0,0,0
749830,12,8,8,4
749920,20,0,0,0
750130,1240,0,0,0
750170,235,0,0,0
750210,110,0,0,0
750290,284,3,6,3
750350,27,0,0,0
750670,0,0,0,0
750800,54,1,2,1
751330,16,2,4,2
751400,4,0,0,0
751550,8,0,0,0
751630,1563,13,26,13
751680,3,0,0,0
752290,0,0,0,0
752550,27,0,0,0
752580,127,0,0,0
752780,20,2,4,2
752810,6,0,0,0
752910,225,2,4,2
753930,565,0,0,0
753990,17,0,0,0
754340,29,0,0,0
754460,15,0,0,0
755130,4,0,0,0
755530,1,0,0,0
755570,45,0,0,0
756240,39,2,4,2
756320,31,0,0,0
756740,6,0,0,0
756800,6135,304,608,304
756890,2,1,2,1
757100,16,0,0,0
757170,36,0,0,0
757190,1,0,0,0
757450,27,0,0,0
757590,21,3,6,3
757670,1,0,0,0
757700,4,0,0,0
758610,1,0,0,0
758640,4,0,0,0
758850,0,0,0,0
759570,96,2,4,2
759650,6,0,0,0
759860,0,0,0,0
759920,1,0,0,0
760000,2,0,0,0
760060,9959,44,88,44
760120,1,0,0,0
760530,7,0,0,0
760660,15,0,0,0
760810,165,0,0,0
760920,34,1,2,1
760990,32,0,0,0
761000,10,0,0,0
761480,28,0,0,0
761600,1172,0,0,0
762030,22,0,0,0
762180,67,4,8,4
762520,90,0,0,0
762830,607,0,0,0
763070,17,1,2,1
763090,33,0,0,0
763310,0,0,0,0
763650,27,2,4,2
763790,49,5,10,5
763810,7,0,0,0
763950,7,0,0,0
764180,15,3,6,3
764490,26,0,0,0
764510,101,0,0,0
764550,1,0,0,0
764590,38,0,0,0
764790,4791,2,4,2
765040,1,0,0,0
765180,26,1,2,1
765380,23,0,0,0
765460,6,0,0,0
765480,113,0,0,0
765590,29,0,0,0
765650,20,0,0,0
765840,56,0,0,0
767130,5,0,0,0
767300,22,2,4,2
767560,8955,0,0,0
767590,7,0,0,0
767870,2,0,0,0
768170,18,0,0,0
768270,13,1,2,1
768300,26,0,0,0
768310,11,0,0,0
768750,127,0,0,0
768770,3,0,0,0
768800,83,0,0,0
769030,11,0,0,0
769110,38,1,2,1
769360,28,2,4,2
769480,0,0,0,0
769550,4,0,0,0
769600,0,0,0,0
769940,18,1,2,1
771010,43,0,0,0
771130,17,0,0,0
771180,0,0,0,0
771340,9,0,0,0
771430,21,0,0,0
771530,33,5,10,5
772180,119,4,8,4
772360,6,0,0,0
772440,3,0,0,0
772650,2,0,0,0
772700,118,7,14,7
773120,15,0,0,0
773330,21,1,2,1
773520,76,38,76,38
773570,2,0,0,0
773710,9,0,0,0
773810,5,1,2,1
773951,5348,158,316,158
774421,17,0,0,0
775520,25,0,0,0
775850,18,0,0,0
775960,36,0,0,0
776340,533,0,0,0
776550,38,0,0,0
776740,8,0,0,0
777140,6,0,0,0
777340,19,0,0,0
777350,8,0,0,0
777410,67,0,0,0
777460,12,0,0,0
778030,22,0,0,0
778240,2,0,0,0
778610,211,0,0,0
778630,0,0,0,0
778770,3,0,0,0
778840,35,2,4,2
778930,46,0,0,0
778980,0,0,0,0
779070,1,0,0,0
779380,15,3,6,3
779640,41,2,4,2
779790,8,0,0,0
780390,91,3,6,3
780400,0,0,0,0
781250,8,0,0,0
781260,12,0,0,0
781640,58,0,0,0
781670,14,0,0,0
781880,19,0,0,0
782410,5,0,0,0
782940,0,0,0,0
783330,47,0,0,0
785110,131,0,0,0
785480,298,0,0,0
785560,5,0,0,0
785860,46,21,42,21
785880,159,2,4,2
785890,708,1,2,1
786450,150,0,0,0
786580,232,4,8,4
788100,3857,56,112,56
788250,5,0,0,0
788350,3,0,0,0
788490,14,0,0,0
788760,15,2,4,2
788870,15,7,14,7
788960,5,0,0,0
789680,2,0,0,0
789830,48,0,0,0
790230,19,0,0,0
790390,8,0,0,0
790790,140,0,0,0
791290,3,0,0,0
791300,15,0,0,0
791630,0,0,0,0
791740,2,0,0,0
792030,317,0,0,0
792070,3,0,0,0
792290,0,0,0,0
792470,0,0,0,0
792850,15,0,0,0
793000,2,0,0,0
793030,3,0,0,0
793200,7,0,0,0
793250,3,0,0,0
793560,109,9,18,9
793630,19,2,4,2
793640,6,0,0,0
793660,0,0,0,0
793830,39,0,0,0
793970,17,0,0,0
794190,33,0,0,0
794350,14,3,6,3
795550,2,0,0,0
795940,4,0,0,0
795950,15,3,6,3
796370,17,0,0,0
796590,23,3,6,3
796640,52,0,0,0
796790,15,0,0,0
796940,116,0,0,0
797610,17,0,0,0
798200,5,0,0,0
798480,0,0,0,0
798510,814,1,2,1
798830,42,4,8,4
798940,16,0,0,0
799540,0,0,0,0
799960,6390,21,42,21
800190,42,0,0,0
800270,4016,49,98,49
800310,34,0,0,0
800380,24,2,4,2
800830,8,1,2,1
800930,17,0,0,0
800980,3,0,0,0
801320,53,0,0,0
801390,0,0,0,0
801760,21,0,0,0
801900,14,0,0,0
802070,16,1,2,1
802090,4,1,2,1
802730,221,0,0,0
803280,12,3,6,3
803330,7285,0,0,0
803920,19,0,0,0
804000,35,0,0,0
804270,1804,0,0,0
804430,15,0,0,0
804460,11,0,0,0
804490,1354,16,32,16
804680,1,0,0,0
804730,100,1,2,1
804850,267,24,48,24
804860,29,5,10,5
805150,30,1,2,1
805540,0,0,0,0
805850,1300,6,12,6
805890,0,0,0,0
806610,32,0,0,0
806940,4,1,2,1
806960,28,1,2,1
807310,0,0,0,0
808160,13,1,2,1
808540,10,5,10,5
809140,1597,0,0,0
809230,1046,10,20,10
809330,3,0,0,0
809450,9,0,0,0
809570,5,0,0,0
809730,289,3,6,3
809830,1,0,0,0
810000,8,0,0,0
810200,65,0,0,0
810500,356,33,66,33
810650,3,0,0,0
810680,11,0,0,0
810700,1,0,0,0
811090,0,0,0,0
811950,8,0,0,0
812040,999,44,88,44
812850,13,0,0,0
813400,0,0,0,0
813440,27,4,8,4
813450,45,1,2,1
813930,18,1,2,1
814230,1,0,0,0
814360,103,0,0,0
814550,1,1,0,0
814730,16,1,2,1
814770,13,0,0,0
814990,8,1,2,1
815290,30,0,0,0
815300,1,0,0,0
816040,5,0,0,0
816180,21,0,0,0
816600,0,0,0,0
816710,50,0,0,0
816850,17,0,0,0
817120,5,0,0,0
817200,14,1,2,1
817680,29,0,0,0
817720,73,6,12,6
817890,0,0,0,0
818350,2,0,0,0
818420,1,0,0,0
818430,2,1,2,1
818570,52,0,0,0
818780,15,0,0,0
819070,6,0,0,0
819260,0,0,0,0
819280,13,0,0,0
819520,15,1,2,1
819650,62,0,0,0
819940,7,0,0,0
819950,3,0,0,0
820680,2,0,0,0
821380,0,0,0,0
821430,0,0,0,0
821490,5,0,0,0
821500,12,0,0,0
821610,106,4,8,4
821780,39,0,0,0
821880,1325,0,0,0
821920,8,0,0,0
822270,0,0,0,0
822650,48,18,36,18
822900,29,0,0,0
822910,2,0,0,0
823530,35,3,6,3
823650,26,0,0,0
824090,33,0,0,0
824110,0,0,0,0
824400,0,0,0,0
825210,0,0,0,0
825500,16,6,12,6
826420,17,0,0,0
826610,0,0,0,0
827120,17,0,0,0
827290,368,1,2,1
827830,16,0,0,0
828220,0,0,0,0
828230,12,0,0,0
828520,2,0,0,0
828680,32,0,0,0
828710,1,0,0,0
828730,8,3,6,3
828900,696,0,0,0
830360,2,0,0,0
830520,5,0,0,0
830620,4,0,0,0
830640,109,0,0,0
830820,671,0,0,0
831090,24,4,8,4
831120,35,0,0,0
831790,6,0,0,0
831810,57,0,0,0
832360,265,38,76,38
832380,2,1,2,1
832460,0,0,0,0
832650,12,0,0,0
833030,32,0,0,0
833140,126,0,0,0
833390,11,0,0,0
833670,7,0,0,0
833690,5,1,2,1
833750,11,0,0,0
833950,29,0,0,0
834730,0,0,0,0
834800,74,2,4,2
834920,28,0,0,0
835440,1,0,0,0
835600,8,0,0,0
836450,463,0,0,0
836610,18,0,0,0
836700,8,2,4,2
837330,16,1,2,1
837390,19,0,0,0
837590,142,0,0,0
838110,72,7,14,7
838380,2716,0,0,0
839260,44,0,0,0
839340,42,3,6,3
839410,16,0,0,0
839430,7,0,0,0
839520,8,0,0,0
839670,28,0,0,0
839740,3,0,0,0
839810,17,1,2,1
839870,335,1,2,1
839920,23,0,0,0
839960,20,0,0,0
840050,7,1,2,1
840240,17,1,2,1
841010,6,0,0,0
841320,12,1,2,1
841790,4,0,0,0
842420,383,5,10,5
842490,1,0,0,0
842750,78,0,0,0
842910,655,0,0,0
843230,4,0,0,0
843280,0,0,0,0
843310,0,0,0,0
843440,108,0,0,0
843740,12,0,0,0
843760,2,0,0,0
843810,33,0,0,0
843840,13,0,0,0
843850,0,0,0,0
843920,0,0,0,0
844090,8,1,2,1
844430,1,0,0,0
844440,12,0,0,0
844620,1,0,0,0
844790,0,0,0,0
845350,7,0,0,0
845570,6,1,2,1
845630,13,0,0,0
845690,73,0,0,0
846030,1888,49,98,49
846250,6,0,0,0
846850,5,2,4,2
847390,9,1,2,1
847590,17,0,0,0
847720,0,0,0,0
847810,2,0,0,0
847950,35,3,6,3
848070,0,0,0,0
848090,0,0,0,0
848420,0,0,0,0
848630,10,0,0,0
848720,0,0,0,0
848740,1,0,0,0
849000,5,0,0,0
849350,0,0,0,0
849420,7,0,0,0
850310,25,0,0,0
850740,6,2,4,2
850940,17,1,2,1
851710,30,0,0,0
852160,17,0,0,0
852470,0,0,0,0
852570,3,0,0,0
852780,88,1,2,1
852790,38,0,0,0
853210,36,0,0,0
853770,2708,107,214,107
854160,18,0,0,0
854210,7,0,0,0
854330,7,0,0,0
854860,348,0,0,0
855050,8,0,0,0
855160,2,1,2,1
855180,0,0,0,0
855510,10,0,0,0
855850,82,7,14,7
856130,89,0,0,0
856300,11,1,2,1
857110,1,0,0,0
857140,23,0,0,0
857370,20,11,18,9
857450,185,0,0,0
857700,7,0,0,0
857710,1,0,0,0
857850,19,1,2,1
857900,13,0,0,0
858170,13,2,4,2
858360,76,1,2,1
858560,1,0,0,0
859200,3,0,0,0
859740,32,1,2,1
860000,8,4,8,4
860490,4,0,0,0
861080,4,0,0,0
861210,5,0,0,0
861290,6,0,0,0
861670,7,0,0,0
862110,30,3,6,3
862300,20,0,0,0
862690,187,0,0,0
863280,9,0,0,0
863290,1,0,0,0
863420,30,1,2,1
863460,77,6,12,6
863660,5,1,2,1
863690,1,0,0,0
863730,51,1,2,1
863840,1,1,0,0
863920,5,0,0,0
863940,29,0,0,0
864160,311,8,16,8
865030,9,0,0,0
865040,405,11,22,11
865090,474,3,6,3
865310,21,0,0,0
865360,5034,14,28,14
865750,3,0,0,0
865800,2,0,0,0
865820,224,0,0,0
865990,5,0,0,0
866270,16,0,0,0
866310,49,0,0,0
866480,0,0,0,0
866490,0,0,0,0
866510,254,3,6,3
866750,7,0,0,0
866770,17,5,10,5
866790,2,0,0,0
867010,8,0,0,0
867050,95,0,0,0
867420,35,20,30,15
867530,4,0,0,0
867540,11,1,2,1
867770,2,0,0,0
868040,6,2,4,2
868070,13,0,0,0
868580,48,4,8,4
868720,0,0,0,0
869550,13,2,4,2
869910,8,0,0,0
870090,5,0,0,0
870120,16,2,4,2
870390,41,0,0,0
870570,0,0,0,0
870670,17,0,0,0
870730,42,4,8,4
870930,0,0,0,0
870990,19,0,0,0
871220,0,0,0,0
871530,837,50,100,50
871810,13,0,0,0
872180,9,0,0,0
872200,11256,0,0,0
873370,7,1,2,1
873890,188,10,20,10
874020,11,1,2,1
874040,121,0,0,0
874460,141,0,0,0
874650,175,0,0,0
874780,5,2,4,2
875610,281,7,14,7
875710,6,0,0,0
875810,4,0,0,0
875840,0,0,0,0
876240,0,0,0,0
876270,1,0,0,0
876300,10,3,6,3
876320,39,4,8,4
876480,5,0,0,0
877480,7,0,0,0
877980,3,1,2,1
878120,2,0,0,0
878290,26,0,0,0
878350,19,0,0,0
878640,14,0,0,0
878770,6,1,2,1
878810,8,0,0,0
879200,7,0,0,0
879290,16,1,2,1
879520,5,0,0,0
879580,0,0,0,0
880180,1,0,0,0
880300,45,6,12,6
880610,28,1,2,1
880910,0,0,0,0
880950,37,0,0,0
881090,11,0,0,0
881110,12,0,0,0
881310,5,1,2,1
881710,0,0,0,0
881900,0,0,0,0
881970,2,0,0,0
882180,0,0,0,0
882210,43,0,0,0
882220,32,1,2,1
882260,0,0,0,0
882640,27,0,0,0
882860,1,0,0,0
882910,15,0,0,0
882940,18,0,0,0
883000,6,0,0,0
883130,192,2,4,2
884070,0,0,0,0
884260,1314,0,0,0
884290,4,0,0,0
884430,13,0,0,0
884640,63,13,26,13
884660,13596,248,496,248
885000,1107,11,22,11
885470,87,4,8,4
885510,69,1,2,1
885630,18,0,0,0
886010,15,1,2,1
886020,5,0,0,0
886200,71,5,10,5
886270,40,1,2,1
886360,31,0,0,0
886380,16,0,0,0
886780,1,0,0,0
887170,3,1,2,1
887520,13,1,2,1
887530,110,1,2,1
887930,4,0,0,0
887950,3,0,0,0
888310,2,0,0,0
889470,3,0,0,0
889480,529,6,12,6
889530,12,2,4,2
890200,4,0,0,0
890400,278,0,0,0
890590,13,0,0,0
890700,28,1,2,1
890900,1,0,0,0
890910,1,0,0,0
890930,5,2,4,2
891040,1022,0,0,0
891970,0,0,0,0
892570,0,0,0,0
892960,11,0,0,0
893560,6,0,0,0
893620,17,0,0,0
893690,91,0,0,0
893900,32,0,0,0
894020,9137,0,0,0
894070,8,0,0,0
895170,4,0,0,0
895180,1,0,0,0
895550,4,0,0,0
895760,10,0,0,0
897020,16,0,0,0
897970,0,0,0,0
897980,0,0,0,0
898220,0,0,0,0
898310,8,0,0,0
898440,4,0,0,0
898500,5,0,0,0
899220,11,0,0,0
899230,0,0,0,0
899440,3274,0,0,0
899590,16,1,2,1
899610,184,0,0,0
903310,6,1,2,1
903700,0,0,0,0
903910,12,1,2,1
904230,0,0,0,0
904400,118,0,0,0
904410,0,0,0,0
905180,10,0,0,0
905330,13,1,2,1
905360,0,0,0,0
905960,2,0,0,0
906170,2,0,0,0
906460,0,0,0,0
906660,12,1,2,1
906820,0,0,0,0
907390,1,0,0,0
907630,0,0,0,0
907980,0,0,0,0
908180,11,0,0,0
909380,3,0,0,0
910540,10,0,0,0
910660,11,1,2,1
911040,27,0,0,0
911240,5,0,0,0
911270,8,0,0,0
911290,3,0,0,0
911680,32,1,2,1
911950,3,0,0,0
912010,0,0,0,0
912390,9,0,0,0
912900,36,1,2,1
913500,8,0,0,0
913590,43,0,0,0
913600,67,2,4,2
913660,5,0,0,0
913710,32,8,16,8
913830,9,0,0,0
914420,6,0,0,0
914480,1,0,0,0
914750,602,5,10,5
915200,55,0,0,0
915310,3589,1,2,1
915760,2,0,0,0
916140,129,105,48,24
916540,5,1,2,1
916780,4,0,0,0
916880,15,0,0,0
916930,183,0,0,0
917280,0,0,0,0
918300,1,0,0,0
918380,140,0,0,0
918430,23,0,0,0
918480,2,0,0,0
918700,10,0,0,0
919220,177,0,0,0
919250,0,0,0,0
920190,373,0,0,0
920470,121,10,20,10
920520,57,0,0,0
920620,6,0,0,0
920780,1,1,0,0
921070,150,0,0,0
921450,2,0,0,0
921670,3,0,0,0
921780,347,24,48,24
921850,4,0,0,0
922090,8,0,0,0
922590,2,1,2,1
923110,0,0,0,0
923230,14,8,12,6
923360,0,0,0,0
923500,5,0,0,0
924140,3674,0,0,0
924280,11,1,2,1
924560,3,0,0,0
925370,12,0,0,0
926120,11,0,0,0
926520,307,0,0,0
926810,81,0,0,0
926860,221,10,20,10
927050,2,0,0,0
927080,6,0,0,0
928880,28,0,0,0
928940,2,0,0,0
929150,1,1,0,0
929610,4,0,0,0
929640,10,0,0,0
930480,12,0,0,0
930630,21,0,0,0
930700,0,0,0,0
930880,0,0,0,0
931070,64,2,4,2
931090,15,0,0,0
931450,33,3,6,3
931500,217,0,0,0
931610,0,0,0,0
931650,97,25,50,25
931830,14,0,0,0
932120,4,0,0,0
932170,0,0,0,0
932240,9,0,0,0
932450,11,0,0,0
932500,101,1,2,1
932810,18,17,2,1
932950,4,0,0,0
933290,16,0,0,0
934260,21,1,2,1
934540,56,3,6,3
934810,4,0,0,0
934840,2117,0,0,0
934860,243,0,0,0
935140,0,0,0,0
935190,10,0,0,0
935360,23,0,0,0
935550,0,0,0,0
935880,1013,6,12,6
935920,132,0,0,0
935970,0,0,0,0
936580,1,0,0,0
937390,12,0,0,0
937620,7,0,0,0
937910,3,0,0,0
938660,6,0,0,0
939120,72,3,6,3
939330,714,4,8,4
939350,67,2,4,2
939410,5,1,2,1
939830,8,0,0,0
940280,0,0,0,0
940320,4,0,0,0
940630,3,0,0,0
940790,26,0,0,0
940910,944,0,0,0
941480,290,0,0,0
941530,1,0,0,0
941580,1,0,0,0
941600,7,0,0,0
941800,2,0,0,0
942060,65,0,0,0
942250,17,2,4,2
942370,8,0,0,0
942520,32,0,0,0
942930,1,0,0,0
943170,91,1,2,1
943440,3,1,2,1
943960,30,0,0,0
944180,76,13,26,13
945500,3,0,0,0
945580,28,0,0,0
945620,0,0,0,0
945740,47,4,8,4
946060,0,0,0,0
946300,2,0,0,0
946340,9,0,0,0
946500,4,0,0,0
946550,25,0,0,0
946600,33,0,0,0
946690,6,0,0,0
946700,24,4,8,4
946790,3,0,0,0
946950,1,0,0,0
947450,11,0,0,0
947540,2,0,0,0
947830,4,0,0,0
947890,49,2,4,2
948020,22,0,0,0
948120,13,0,0,0
948200,3,0,0,0
948240,8,0,0,0
948510,31,0,0,0
948640,242,0,0,0
949060,436,0,0,0
949150,7,0,0,0
949290,843,7,14,7
949450,11,3,6,3
949600,237,0,0,0
949910,14,0,0,0
950160,4,0,0,0
950330,2,0,0,0
950400,45,0,0,0
950460,642,0,0,0
951440,5143,12,24,12
951490,1,0,0,0
952980,1,0,0,0
953310,0,0,0,0
953610,13,0,0,0
953690,52,5,10,5
954780,3,0,0,0
954970,3,0,0,0
955090,0,0,0,0
955190,10,0,0,0
955200,47,1,2,1
955640,56,0,0,0
955670,7,0,0,0
955740,955,8,16,8
955750,3,0,0,0
955870,230,4,8,4
955900,1739,22,44,22
956060,39,12,24,12
956380,7,0,0,0
956560,64,0,0,0
957280,4,0,0,0
957770,8,0,0,0
957820,65,0,0,0
957950,57,8,16,8
958090,6,0,0,0
958290,0,0,0,0
958480,383,0,0,0
959170,13,0,0,0
959520,1139,10,20,10
959750,328,1,2,1
959770,7,2,4,2
959880,61,0,0,0
960070,5,0,0,0
960320,25,0,0,0
960550,7,0,0,0
961060,3,0,0,0
962060,3,0,0,0
962170,1,0,0,0
962290,0,0,0,0
962310,0,0,0,0
962700,51,0,0,0
963290,72,0,0,0
963400,199,1,2,1
963690,973,0,0,0
964050,4,0,0,0
964110,5,0,0,0
964130,144,0,0,0
964750,7,0,0,0
964920,2,0,0,0
965010,44,0,0,0
965230,684,0,0,0
965410,4,0,0,0
965470,11,0,0,0
965600,156,2,4,2
965630,0,0,0,0
966140,1,0,0,0
966250,2,1,2,1
966580,21,1,2,1
966590,14,0,0,0
967240,64,6,12,6
967290,4,0,0,0
967490,58,0,0,0
968320,4,2,4,2
968350,65,1,2,1
968420,0,0,0,0
969180,0,0,0,0
969330,0,0,0,0
969760,1065,0,0,0
970730,7,0,0,0
970840,103,0,0,0
970900,5,0,0,0
970940,28,1,2,1
970970,12,0,0,0
971180,2,1,2,1
971340,5,0,0,0
971530,5,1,2,1
972950,0,0,0,0
973100,12,0,0,0
973350,2,0,0,0
974090,287,0,0,0
974180,19,6,12,6
974220,3,0,0,0
974430,1,0,0,0
975220,2,1,2,1
975230,33,1,2,1
975470,265,0,0,0
976020,40,0,0,0
976120,70,6,12,6
976290,0,0,0,0
976890,1609,11,22,11
977650,387,29,58,29
977780,1,0,0,0
977830,2,0,0,0
977840,19,0,0,0
978040,4,0,0,0
978340,9,0,0,0
978460,4310,0,0,0
978630,42,4,8,4
978970,25,0,0,0
979390,3,0,0,0
979640,1728,219,438,219
979680,4,0,0,0
979720,11,0,0,0
979910,18,1,2,1
980000,0,0,0,0
980630,1,0,0,0
980700,0,0,0,0
980940,651,21,42,21
981040,0,0,0,0
981120,2,0,0,0
981310,56,0,0,0
981420,87,0,0,0
981870,0,0,0,0
981960,31,0,0,0
982050,1,0,0,0
982240,5,0,0,0
983040,0,0,0,0
983260,0,0,0,0
983380,0,0,0,0
984070,12,3,6,3
984080,12,0,0,0
984170,11,5,10,5
984240,52,0,0,0
984730,10,3,6,3
984780,665,1,2,1
984800,465,26,52,26
984980,0,0,0,0
985070,23,0,0,0
985240,16,0,0,0
985560,15,0,0,0
985810,4530,0,0,0
986020,92,0,0,0
986350,57,2,4,2
986370,10,0,0,0
986710,35,0,0,0
986780,0,0,0,0
986800,757,2,4,2
987180,13,0,0,0
987230,350,18,36,18
987590,15,0,0,0
987660,3,0,0,0
987810,14,0,0,0
989120,0,0,0,0
989430,6,0,0,0
989490,50,9,18,9
989650,5,0,0,0
989770,172,31,62,31
990030,50,3,6,3
991270,1850,0,0,0
991290,0,0,0,0
991530,0,0,0,0
992080,9,0,0,0
992240,0,0,0,0
993200,7,0,0,0
993280,0,0,0,0
993600,0,0,0,0
994140,1642,17,34,17
994320,46,0,0,0
994500,60,0,0,0
994880,1,0,0,0
995280,8,1,2,1
995470,9,0,0,0
995580,0,0,0,0
995790,11,0,0,0
995890,4,0,0,0
996230,3,0,0,0
996430,4,1,2,1
997240,24,0,0,0
997370,9,2,4,2
997760,0,0,0,0
998020,11,0,0,0
998570,20,5,10,5
998590,2,0,0,0
998950,1,0,0,0
999290,7,1,2,1
999340,2,1,2,1
999450,0,0,0,0
999570,0,0,0,0
1000130,6,2,4,2
1000540,46,1,2,1
1000550,10,0,0,0
1000770,167,7,14,7
1001180,0,0,0,0
1001450,0,0,0,0
1001990,2,1,2,1
1002410,13,0,0,0
1002440,11,0,0,0
1002650,7,0,0,0
1002830,24,2,4,2
1003070,51,0,0,0
1003460,0,0,0,0
1003490,48,0,0,0
1003600,17,0,0,0
1003860,28,0,0,0
1004180,2,0,0,0
1004270,525,29,58,29
1004370,34,1,2,1
1004610,252,6,12,6
1005080,0,0,0,0
1005410,114,8,16,8
1005520,44,0,0,0
1005730,14,0,0,0
1005820,2,0,0,0
1005990,25,1,2,1
1007070,11,0,0,0
1007230,2,0,0,0
1007470,0,0,0,0
1007730,20,0,0,0
1007990,13,0,0,0
1008510,98,0,0,0
1008520,39,0,0,0
1008970,2,0,0,0
1009180,15,1,2,1
1009190,0,0,0,0
1009460,44,0,0,0
1009580,0,0,0,0
1009910,7,0,0,0
1010150,5,0,0,0
1010330,13,0,0,0
1010410,8,0,0,0
1010520,3,0,0,0
1011030,71,2,4,2
1011310,3,0,0,0
1011370,3,0,0,0
1011830,57,1,2,1
1012110,527,6,12,6
1012160,4,0,0,0
1012280,4,1,2,1
1012330,28,0,0,0
1012530,11,0,0,0
1012560,1913,0,0,0
1012860,5,0,0,0
1013200,1,0,0,0
1013220,33,0,0,0
1013280,26,0,0,0
1013320,1949,62,124,62
1013340,11,0,0,0
1013960,22,2,4,2
1014040,285,0,0,0
1014460,50,0,0,0
1014470,0,0,0,0
1014620,8,0,0,0
1014720,1,0,0,0
1014810,73,8,16,8
1015020,12,0,0,0
1015580,1,0,0,0
1015610,110,4,8,4
1015720,125,0,0,0
1016030,2,1,2,1
1016120,6258,0,0,0
1016250,74,0,0,0
1016360,232,10,20,10
1016430,19,0,0,0
1016770,243,0,0,0
1016800,5653,71,142,71
1016960,393,0,0,0
1016980,7,0,0,0
1017130,12,0,0,0
1017240,2,0,0,0
1017270,1,0,0,0
1017410,1,0,0,0
1018020,437,0,0,0
1018080,7,0,0,0
1018090,10,0,0,0
1018130,54,2,4,2
1018240,5,0,0,0
1018740,0,0,0,0
1018810,2,1,2,1
1018960,11,1,2,1
1019240,10,0,0,0
1019310,555,0,0,0
1019710,1,0,0,0
1019790,9,1,2,1
1020270,104,0,0,0
1020540,108,0,0,0
1020610,5,1,2,1
1020650,5,0,0,0
1020790,1082,0,0,0
1021680,13,4,8,4
1022000,4,0,0,0
1022130,8,0,0,0
1023260,13,2,4,2
1023550,92,2,4,2
1023740,133,0,0,0
1023960,5,0,0,0
1024160,119,0,0,0
1024330,6,0,0,0
1024450,1,0,0,0
1024630,37,0,0,0
1024650,711,36,72,36
1024670,17,0,0,0
1024690,5,0,0,0
1024720,1,0,0,0
1024990,0,0,0,0
1025010,0,0,0,0
1025140,149,0,0,0
1025200,86,1,2,1
1025250,59,0,0,0
1025270,3,0,0,0
1025390,1,0,0,0
1025500,23,0,0,0
1025710,27,0,0,0
1025960,149,0,0,0
1026110,174,0,0,0
1026940,12,0,0,0
1027610,5,0,0,0
1028460,6,0,0,0
1028470,49,0,0,0
1028500,15,0,0,0
1028610,4,0,0,0
1028740,24,1,2,1
1028760,3,0,0,0
1029120,18,0,0,0
1029150,8,0,0,0
1029190,0,0,0,0
1029630,477,0,0,0
1030430,14,0,0,0
1030470,23,0,0,0
1030530,12,0,0,0
1030730,7,0,0,0
1030760,67,8,16,8
1031020,85,1,2,1
1031120,396,215,362,181
1031230,2,0,0,0
1031370,1,0,0,0
1031440,101,3,6,3
1031580,5,0,0,0
1031900,175,4,8,4
1032520,508,2,4,2
1033130,4,0,0,0
1033190,0,0,0,0
1033380,0,0,0,0
1033510,15,1,2,1
1034130,3,1,2,1
1034200,42,6,12,6
1034230,6,1,2,1
1034430,0,0,0,0
1035240,0,0,0,0
1035490,1,0,0,0
1035880,7,0,0,0
1035930,109,0,0,0
1036200,40,0,0,0
1036340,41,0,0,0
1036370,48,0,0,0
1036600,13,0,0,0
1036620,2,0,0,0
1036990,12,0,0,0
1037100,24,0,0,0
1037380,0,0,0,0
1037830,2,0,0,0
1038370,1629,5,10,5
1038690,1,0,0,0
1039080,19,1,2,1
1039430,3,0,0,0
1040420,1480,22,44,22
1040730,62,0,0,0
1041520,26,3,6,3
1041660,2,2,0,0
1041710,5,0,0,0
1041720,4252,0,0,0
1042030,9,0,0,0
1042460,12,0,0,0
1042590,0,0,0,0
1042780,811,5,10,5
1043450,0,0,0,0
1044520,16,0,0,0
1044770,12,0,0,0
1044920,18,0,0,0
1045180,349,20,40,20
1045390,8,0,0,0
1045520,3547,1,2,1
1045650,74,0,0,0
1046060,6,0,0,0
1046350,4,3,2,1
1046630,16,0,0,0
1046650,2,0,0,0
1046660,198,3,6,3
1046670,20,0,0,0
1046750,6,0,0,0
1047160,3,0,0,0
1047560,0,0,0,0
1047600,0,0,0,0
1047660,0,0,0,0
1047950,37,4,8,4
1048410,2,0,0,0
1048710,25,0,0,0
1048740,209,0,0,0
1048780,0,0,0,0
1048890,0,0,0,0
1049000,15,0,0,0
1049070,24,0,0,0
1049280,1237,1,2,1
1049510,7,0,0,0
1049720,2,0,0,0
1050160,14,0,0,0
1050180,4,0,0,0
1051250,39,0,0,0
1051270,7,0,0,0
1051690,2906,111,222,111
1052070,1872,0,0,0
1052220,17,1,2,1
1052450,0,0,0,0
1052850,0,0,0,0
1053040,2,0,0,0
1053340,0,0,0,0
1053600,0,0,0,0
1053710,459,0,0,0
1054080,0,0,0,0
1054190,0,0,0,0
1054250,2,0,0,0
1054300,21,0,0,0
1054430,359,20,40,20
1054510,1301,1,2,1
1054560,85,0,0,0
1054610,8,0,0,0
1054630,0,0,0,0
1054860,0,0,0,0
1054930,18,0,0,0
1055490,108,1,2,1
1055590,12,0,0,0
1055780,3,0,0,0
1056050,26,0,0,0
1056280,36,0,0,0
1057090,28216,3,6,3
1057430,303,6,12,6
1057680,11,0,0,0
1057820,4,0,0,0
1058600,0,0,0,0
1058740,58,2,4,2
1058750,1,0,0,0
1058840,4,0,0,0
1059150,26,0,0,0
1059230,58,14,28,14
1059520,0,0,0,0
1059620,7,0,0,0
1059850,0,0,0,0
1059980,739,1,2,1
1060060,6,0,0,0
1060600,675,16,32,16
1061100,408,155,310,155
1061150,32,3,6,3
1061460,0,0,0,0
1061470,23,0,0,0
1061600,16,0,0,0
1061650,5,0,0,0
1061900,9,2,4,2
1061920,87,0,0,0
1062090,14503,123,246,123
1062110,1014,4,8,4
1062130,11,0,0,0
1062200,1,0,0,0
1062260,0,0,0,0
1062660,2,1,2,1
1063100,4,0,0,0
1063110,7,0,0,0
1063350,10,0,0,0
1063470,13,0,0,0
1063510,0,0,0,0
1063530,104,0,0,0
1063570,1,1,0,0
1063820,0,0,0,0
1063960,16,0,0,0
1064010,46,0,0,0
1064100,0,0,0,0
1064360,3,0,0,0
1064460,1320,4,8,4
1065020,293,0,0,0
1065050,2,0,0,0
1065100,435,5,10,5
1065410,9,0,0,0
1065670,15,0,0,0
1065890,6,0,0,0
1066130,27,0,0,0
1066400,129,0,0,0
1067110,29,0,0,0
1067350,98,2,4,2
1067400,11,0,0,0
1067760,10,0,0,0
1067780,0,0,0,0
1068120,2,0,0,0
1068220,0,0,0,0
1068900,1,0,0,0
1069130,0,0,0,0
1069220,8,1,2,1
1069230,29,0,0,0
1069270,17,1,2,1
1069360,366,0,0,0
1069380,32,0,0,0
1069460,15,0,0,0
1069540,4,1,2,1
1069720,0,0,0,0
1069750,8,2,4,2
1069910,17,2,4,2
1069920,2,0,0,0
1069970,7,0,0,0
1070160,5,0,0,0
1070410,18,1,2,1
1071140,229,0,0,0
1071190,31,0,0,0
1071310,13,0,0,0
1071620,8,1,2,1
1071770,9,1,2,1
1072350,8,0,0,0
1072710,1325,8,16,8
1073020,3,0,0,0
1073100,7,0,0,0
1073280,8,0,0,0
1073710,1,0,0,0
1074350,0,0,0,0
1074610,51,1,2,1
1074960,0,0,0,0
1075370,13,0,0,0
1075960,0,0,0,0
1076160,818,41,82,41
1076350,1,0,0,0
1076360,2,0,0,0
1076500,435,15,30,15
1076720,22,0,0,0
1076790,11,0,0,0
1077030,0,0,0,0
1077210,13,0,0,0
1077530,128,124,8,4
1077590,0,0,0,0
1077890,28,0,0,0
1078360,10,0,0,0
1078370,14,0,0,0
1078380,14,0,0,0
1078800,25,0,0,0
1079130,60,0,0,0
1079610,4,0,0,0
1079720,11,0,0,0
1079910,2,0,0,0
1081090,9,0,0,0
1081110,3,1,2,1
1081140,2,0,0,0
1081190,5,0,0,0
1081250,10,1,2,1
1081320,1,0,0,0
1081630,2,0,0,0
1082220,61,18,36,18
1082650,7,1,2,1
1082700,3,0,0,0
1082730,4,0,0,0
1083410,1,0,0,0
1083450,10,0,0,0
1083610,0,0,0,0
1083800,44,0,0,0
1084020,699,0,0,0
1084350,28,2,4,2
1084570,145,0,0,0
1084830,0,0,0,0
1085540,2,0,0,0
1085610,19,0,0,0
1085750,1300,0,0,0
1085880,0,0,0,0
1085900,4,0,0,0
1086260,4,0,0,0
1086530,0,0,0,0
